language_name,language_code
Afrikaans,af
Akan,ak
Albanian,sq
Amharic,am
Arabic,ar
Armenian,hy
Azeri,az
Balinese,ban
Basque,eu
Belarusian,be
Bengali,bn
Bosnian,bs
Bulgarian,bg
Burmese,my
Catalan,ca
Cebuano,ceb
Chichewa,ny
Croatian,hr
Czech,cs
Danish,da
Dutch,nl
English,en
Estonian,et
Ewe,ee
Faroese,fo
Farsi,fa
Filipino,fil
Finnish,fi
French,fr
Frisian,fy
Ga,gaa
Galician,gl
Ganda,lg
Georgian,ka
German,de
Greek,el
Gujarati,gu
Haitian,ht
Hausa,ha
Hebrew,he
Hindi,hi
Hungarian,hu
Icelandic,is
IciBemba,bem
Igbo,ig
Indonesian,id
Irish,ga
Italian,it
Japanese,ja
Kannada,kn
Kazakh,kk
Khmer,km
Kinyarwanda,rw
Kirundi,rn
Kongo,kg
Korean,ko
Krio,kri
Kurdish,ckb
Kyrgyz,ky
Lao,lo
Latvian,lv
Lingala,ln
Lithuanian,lt
Luo,ach
Macedonian,mk
Malagasy,mg
Malay,ms
Malayam,ml
Maltese,mt
Maori,mi
Marathi,mr
Mongolian,mn
Montenegro,sr-ME
Nepali,ne
Norwegian,no
Nyankole,nyn
Oromo,om
Pashto,ps
Pidgin,pcm
Polish,pl
Portuguese,pt
Punjabi,pa
Quechua,qu
Romanian,ro
Romansh,rm
Russian,ru
Serbian,sr
Sesotho,st
Shona,sn
Silozi,loz
Sindhi,sd
Sinhalese,si
Slovak,sk
Slovenian,sl
Somali,so
Spanish,es
Swahili,sw
Swedish,sv
Tagalog,tl
Tajik,tg
Tamil,ta
Telugu,te
Thai,th
Tigrinya,ti
Tshiluba,lua
Tswana,tn
Tumbuka,tum
Turkish,tr
Turkmen,tk
Ukrainian,uk
Urdu,ur
Uzbek,uz
Vietnamese,vi
Welsh,cy
Wolof,wo
Xhosa,xh
Yoruba,yo
Zulu,zu
