location_code,location_name,country_iso_code
2020,Andorra,AD
2028,Antigua and Barbuda,AG
2008,Albania,AL
2051,Armenia,AM
2040,Austria,AT
2031,Azerbaijan,AZ
2070,Bosnia and Herzegovina,BA
2052,Barbados,BB
2056,Belgium,BE
2100,Bulgaria,BG
2535,Caribbean Netherlands,BQ
2044,The Bahamas,BS
2084,Belize,BZ
2124,Canada,CA
2756,Switzerland,CH
2188,Costa Rica,CR
2531,Curacao,CW
2196,Cyprus,CY
2203,Czechia,CZ
2276,Germany,DE
2208,Denmark,DK
2212,Dominica,DM
2214,Dominican Republic,DO
2233,Estonia,EE
2724,Spain,ES
2246,Finland,FI
2250,France,FR
2826,United Kingdom,GB
2308,Grenada,GD
2268,Georgia,GE
2831,Guernsey,GG
2300,Greece,GR
2320,Guatemala,GT
2340,Honduras,HN
2191,Croatia,HR
2332,Haiti,HT
2348,Hungary,HU
2372,Ireland,IE
2833,Isle of Man,IM
2352,Iceland,IS
2380,Italy,IT
2832,Jersey,JE
2388,Jamaica,JM
2659,Saint Kitts and Nevis,KN
2662,Saint Lucia,LC
2438,Liechtenstein,LI
2440,Lithuania,LT
2442,Luxembourg,LU
2428,Latvia,LV
2492,Monaco,MC
2498,Moldova,MD
2499,Montenegro,ME
2663,Saint Martin,MF
2807,North Macedonia,MK
2470,Malta,MT
2484,Mexico,MX
2558,Nicaragua,NI
2528,Netherlands,NL
2578,Norway,NO
2591,Panama,PA
2616,Poland,PL
2666,Saint Pierre and Miquelon,PM
2620,Portugal,PT
2642,Romania,RO
2688,Serbia,RS
2752,Sweden,SE
2705,Slovenia,SI
2703,Slovakia,SK
2674,San Marino,SM
2222,El Salvador,SV
2534,Sint Maarten,SX
2792,Turkiye,TR
2780,Trinidad and Tobago,TT
2804,Ukraine,UA
2840,United States,US
2336,Vatican City,VA
2670,Saint Vincent and the Grenadines,VC
